{
    "loss": [
        0.8511616587638855,
        0.651517391204834,
        0.6073697805404663,
        0.5887215733528137,
        0.5574086308479309,
        0.5118653774261475,
        0.5003790259361267,
        0.47468721866607666,
        0.4222142696380615,
        0.42635640501976013,
        0.3726588785648346
    ],
    "accuracy": [
        0.5607687830924988,
        0.5984548926353455,
        0.6489542126655579,
        0.6698700189590454,
        0.7066138982772827,
        0.7345016002655029,
        0.7433578372001648,
        0.7661579251289368,
        0.8038439750671387,
        0.8087431788444519,
        0.8317316770553589
    ],
    "val_loss": [
        0.6559523344039917,
        0.6391008496284485,
        0.6213161945343018,
        0.6619811654090881,
        0.5668861865997314,
        0.5285305976867676,
        0.4424731731414795,
        0.3546893298625946,
        0.2938292920589447,
        0.29400715231895447,
        0.3592849671840668
    ],
    "val_accuracy": [
        0.5874811410903931,
        0.5648567080497742,
        0.6809954643249512,
        0.5784313678741455,
        0.6214178204536438,
        0.7307692170143127,
        0.8363499641418457,
        0.843137264251709,
        0.8876320123672485,
        0.8763197660446167,
        0.8446455597877502
    ]
}